customer_id,first_name,last_name,email,country,kyc_status,created_at
CUST-0001,First1,Last1,customer1@example.com,US,verified,2021-07-17
CUST-0002,First2,Last2,customer2@example.com,UK,verified,2020-10-12
CUST-0003,First3,Last3,customer3@example.com,US,expired,2023-01-21
CUST-0004,First4,Last4,customer4@example.com,US,expired,2022-05-14
CUST-0005,First5,Last5,customer5@example.com,US,verified,2020-07-10
CUST-0006,First6,Last6,customer6@example.com,UK,verified,2022-10-31
CUST-0007,First7,Last7,customer7@example.com,JP,verified,2023-02-23
CUST-0008,First8,Last8,customer8@example.com,UK,expired,2023-08-23
CUST-0009,First9,Last9,customer9@example.com,JP,pending,2021-03-27
CUST-0010,First10,Last10,customer10@example.com,FR,expired,2021-07-23
CUST-0011,First11,Last11,customer11@example.com,US,verified,2023-11-30
CUST-0012,First12,Last12,customer12@example.com,FR,pending,2021-07-23
CUST-0013,First13,Last13,customer13@example.com,UK,verified,2021-11-20
CUST-0014,First14,Last14,customer14@example.com,US,verified,2022-02-17
CUST-0015,First15,Last15,customer15@example.com,US,pending,2021-12-05
CUST-0016,First16,Last16,customer16@example.com,JP,pending,2020-03-29
CUST-0017,First17,Last17,customer17@example.com,FR,expired,2020-09-12
CUST-0018,First18,Last18,customer18@example.com,FR,verified,2023-02-04
CUST-0019,First19,Last19,customer19@example.com,DE,expired,2023-06-20
CUST-0020,First20,Last20,customer20@example.com,DE,expired,2021-01-28
CUST-0021,First21,Last21,customer21@example.com,US,verified,2023-09-16
CUST-0022,First22,Last22,customer22@example.com,UK,pending,2020-06-12
CUST-0023,First23,Last23,customer23@example.com,UK,verified,2022-02-17
CUST-0024,First24,Last24,customer24@example.com,DE,pending,2023-07-25
CUST-0025,First25,Last25,customer25@example.com,DE,verified,2022-01-28
CUST-0026,First26,Last26,customer26@example.com,DE,verified,2023-10-04
CUST-0027,First27,Last27,customer27@example.com,DE,expired,2023-10-31
CUST-0028,First28,Last28,customer28@example.com,US,expired,2023-07-24
CUST-0029,First29,Last29,customer29@example.com,UK,expired,2021-05-16
CUST-0030,First30,Last30,customer30@example.com,UK,pending,2022-02-16
CUST-0031,First31,Last31,customer31@example.com,DE,expired,2023-11-10
CUST-0032,First32,Last32,customer32@example.com,JP,verified,2023-11-03
CUST-0033,First33,Last33,customer33@example.com,DE,verified,2021-04-14
CUST-0034,First34,Last34,customer34@example.com,US,pending,2022-04-01
CUST-0035,First35,Last35,customer35@example.com,DE,verified,2021-03-08
CUST-0036,First36,Last36,customer36@example.com,JP,expired,2021-10-06
CUST-0037,First37,Last37,customer37@example.com,UK,expired,2022-10-19
CUST-0038,First38,Last38,customer38@example.com,FR,expired,2022-07-28
CUST-0039,First39,Last39,customer39@example.com,UK,pending,2020-10-12
CUST-0040,First40,Last40,customer40@example.com,UK,expired,2023-02-23
CUST-0041,First41,Last41,customer41@example.com,JP,pending,2023-04-12
CUST-0042,First42,Last42,customer42@example.com,FR,expired,2022-03-28
CUST-0043,First43,Last43,customer43@example.com,DE,verified,2020-10-10
CUST-0044,First44,Last44,customer44@example.com,JP,pending,2020-07-05
CUST-0045,First45,Last45,customer45@example.com,US,verified,2020-11-09
CUST-0046,First46,Last46,customer46@example.com,UK,expired,2022-05-14
CUST-0047,First47,Last47,customer47@example.com,JP,verified,2022-02-27
CUST-0048,First48,Last48,customer48@example.com,FR,expired,2022-08-16
CUST-0049,First49,Last49,customer49@example.com,JP,pending,2023-02-07
CUST-0050,First50,Last50,customer50@example.com,US,expired,2020-08-22
CUST-0051,First51,Last51,customer51@example.com,JP,pending,2023-08-05
CUST-0052,First52,Last52,customer52@example.com,DE,verified,2021-08-24
CUST-0053,First53,Last53,customer53@example.com,FR,verified,2022-07-18
CUST-0054,First54,Last54,customer54@example.com,US,expired,2021-06-23
CUST-0055,First55,Last55,customer55@example.com,JP,verified,2022-11-05
CUST-0056,First56,Last56,customer56@example.com,US,expired,2021-09-03
CUST-0057,First57,Last57,customer57@example.com,JP,expired,2021-02-11
CUST-0058,First58,Last58,customer58@example.com,UK,pending,2020-11-26
CUST-0059,First59,Last59,customer59@example.com,JP,expired,2020-01-02
CUST-0060,First60,Last60,customer60@example.com,JP,pending,2022-09-27
CUST-0061,First61,Last61,customer61@example.com,US,verified,2022-01-13
CUST-0062,First62,Last62,customer62@example.com,DE,verified,2020-04-28
CUST-0063,First63,Last63,customer63@example.com,UK,expired,2020-06-10
CUST-0064,First64,Last64,customer64@example.com,US,expired,2022-09-22
CUST-0065,First65,Last65,customer65@example.com,US,expired,2020-09-14
CUST-0066,First66,Last66,customer66@example.com,UK,expired,2022-08-31
CUST-0067,First67,Last67,customer67@example.com,JP,verified,2021-06-26
CUST-0068,First68,Last68,customer68@example.com,JP,expired,2022-05-16
CUST-0069,First69,Last69,customer69@example.com,UK,expired,2023-11-13
CUST-0070,First70,Last70,customer70@example.com,UK,expired,2021-09-30
CUST-0071,First71,Last71,customer71@example.com,FR,expired,2023-08-23
CUST-0072,First72,Last72,customer72@example.com,DE,pending,2022-11-25
CUST-0073,First73,Last73,customer73@example.com,FR,verified,2021-05-22
CUST-0074,First74,Last74,customer74@example.com,UK,verified,2021-11-23
CUST-0075,First75,Last75,customer75@example.com,US,expired,2023-02-08
CUST-0076,First76,Last76,customer76@example.com,UK,expired,2021-03-27
CUST-0077,First77,Last77,customer77@example.com,US,verified,2023-12-20
CUST-0078,First78,Last78,customer78@example.com,US,verified,2020-05-18
CUST-0079,First79,Last79,customer79@example.com,US,pending,2020-05-25
CUST-0080,First80,Last80,customer80@example.com,JP,verified,2021-07-24
CUST-0081,First81,Last81,customer81@example.com,FR,verified,2023-01-09
CUST-0082,First82,Last82,customer82@example.com,UK,expired,2023-03-15
CUST-0083,First83,Last83,customer83@example.com,JP,pending,2021-05-12
CUST-0084,First84,Last84,customer84@example.com,FR,pending,2021-01-24
CUST-0085,First85,Last85,customer85@example.com,US,verified,2023-09-11
CUST-0086,First86,Last86,customer86@example.com,FR,pending,2022-05-17
CUST-0087,First87,Last87,customer87@example.com,FR,pending,2020-04-20
CUST-0088,First88,Last88,customer88@example.com,US,verified,2022-04-04
CUST-0089,First89,Last89,customer89@example.com,DE,verified,2021-05-24
CUST-0090,First90,Last90,customer90@example.com,UK,verified,2023-01-03
CUST-0091,First91,Last91,customer91@example.com,FR,verified,2022-05-14
CUST-0092,First92,Last92,customer92@example.com,UK,pending,2022-08-05
CUST-0093,First93,Last93,customer93@example.com,UK,verified,2022-06-26
CUST-0094,First94,Last94,customer94@example.com,JP,verified,2020-04-13
CUST-0095,First95,Last95,customer95@example.com,JP,verified,2020-07-10
CUST-0096,First96,Last96,customer96@example.com,UK,verified,2022-04-12
CUST-0097,First97,Last97,customer97@example.com,FR,pending,2021-03-13
CUST-0098,First98,Last98,customer98@example.com,FR,verified,2020-12-03
CUST-0099,First99,Last99,customer99@example.com,FR,verified,2022-03-10
CUST-0100,First100,Last100,customer100@example.com,DE,pending,2021-08-07
CUST-0101,First101,Last101,customer101@example.com,FR,expired,2023-02-12
CUST-0102,First102,Last102,customer102@example.com,FR,verified,2021-01-23
CUST-0103,First103,Last103,customer103@example.com,DE,verified,2020-04-29
CUST-0104,First104,Last104,customer104@example.com,JP,expired,2023-01-15
CUST-0105,First105,Last105,customer105@example.com,US,expired,2021-10-04
CUST-0106,First106,Last106,customer106@example.com,US,verified,2023-04-11
CUST-0107,First107,Last107,customer107@example.com,FR,expired,2022-12-23
CUST-0108,First108,Last108,customer108@example.com,UK,verified,2022-11-06
CUST-0109,First109,Last109,customer109@example.com,US,verified,2020-05-20
CUST-0110,First110,Last110,customer110@example.com,JP,verified,2023-10-14
CUST-0111,First111,Last111,customer111@example.com,UK,pending,2020-09-02
CUST-0112,First112,Last112,customer112@example.com,JP,verified,2023-03-31
CUST-0113,First113,Last113,customer113@example.com,JP,verified,2023-06-22
CUST-0114,First114,Last114,customer114@example.com,US,pending,2023-09-08
CUST-0115,First115,Last115,customer115@example.com,JP,expired,2022-12-06
CUST-0116,First116,Last116,customer116@example.com,DE,pending,2021-02-22
CUST-0117,First117,Last117,customer117@example.com,DE,verified,2021-06-27
CUST-0118,First118,Last118,customer118@example.com,FR,verified,2023-10-07
CUST-0119,First119,Last119,customer119@example.com,DE,pending,2021-10-09
CUST-0120,First120,Last120,customer120@example.com,US,verified,2022-07-27
CUST-0121,First121,Last121,customer121@example.com,JP,expired,2020-07-23
CUST-0122,First122,Last122,customer122@example.com,US,expired,2021-03-12
CUST-0123,First123,Last123,customer123@example.com,JP,pending,2020-09-28
CUST-0124,First124,Last124,customer124@example.com,DE,verified,2021-05-15
CUST-0125,First125,Last125,customer125@example.com,DE,pending,2020-11-19
CUST-0126,First126,Last126,customer126@example.com,FR,expired,2023-12-11
CUST-0127,First127,Last127,customer127@example.com,DE,expired,2023-09-01
CUST-0128,First128,Last128,customer128@example.com,JP,verified,2023-09-29
CUST-0129,First129,Last129,customer129@example.com,JP,pending,2023-09-20
CUST-0130,First130,Last130,customer130@example.com,US,verified,2021-06-25
CUST-0131,First131,Last131,customer131@example.com,US,verified,2023-02-07
CUST-0132,First132,Last132,customer132@example.com,UK,pending,2021-07-31
CUST-0133,First133,Last133,customer133@example.com,JP,verified,2021-12-03
CUST-0134,First134,Last134,customer134@example.com,UK,expired,2023-07-22
CUST-0135,First135,Last135,customer135@example.com,DE,expired,2022-09-27
CUST-0136,First136,Last136,customer136@example.com,DE,verified,2020-07-08
CUST-0137,First137,Last137,customer137@example.com,FR,pending,2020-03-31
CUST-0138,First138,Last138,customer138@example.com,US,pending,2020-09-24
CUST-0139,First139,Last139,customer139@example.com,DE,verified,2022-06-23
CUST-0140,First140,Last140,customer140@example.com,JP,expired,2022-05-25
CUST-0141,First141,Last141,customer141@example.com,JP,verified,2020-08-17
CUST-0142,First142,Last142,customer142@example.com,US,expired,2020-11-01
CUST-0143,First143,Last143,customer143@example.com,JP,verified,2022-01-26
CUST-0144,First144,Last144,customer144@example.com,JP,expired,2020-10-30
CUST-0145,First145,Last145,customer145@example.com,FR,verified,2020-03-26
CUST-0146,First146,Last146,customer146@example.com,DE,pending,2020-03-22
CUST-0147,First147,Last147,customer147@example.com,DE,verified,2023-10-28
CUST-0148,First148,Last148,customer148@example.com,UK,expired,2020-07-29
CUST-0149,First149,Last149,customer149@example.com,DE,expired,2022-04-12
CUST-0150,First150,Last150,customer150@example.com,JP,expired,2020-11-12
CUST-0151,First151,Last151,customer151@example.com,UK,verified,2020-12-28
CUST-0152,First152,Last152,customer152@example.com,FR,verified,2021-01-02
CUST-0153,First153,Last153,customer153@example.com,DE,pending,2023-10-03
CUST-0154,First154,Last154,customer154@example.com,UK,pending,2020-11-22
CUST-0155,First155,Last155,customer155@example.com,US,pending,2020-03-20
CUST-0156,First156,Last156,customer156@example.com,FR,verified,2021-02-12
CUST-0157,First157,Last157,customer157@example.com,FR,pending,2021-09-17
CUST-0158,First158,Last158,customer158@example.com,UK,verified,2020-02-18
CUST-0159,First159,Last159,customer159@example.com,UK,pending,2021-11-03
CUST-0160,First160,Last160,customer160@example.com,DE,verified,2021-07-25
CUST-0161,First161,Last161,customer161@example.com,DE,expired,2022-11-09
CUST-0162,First162,Last162,customer162@example.com,FR,expired,2023-01-03
CUST-0163,First163,Last163,customer163@example.com,DE,verified,2020-08-24
CUST-0164,First164,Last164,customer164@example.com,DE,verified,2023-04-04
CUST-0165,First165,Last165,customer165@example.com,DE,verified,2020-08-10
CUST-0166,First166,Last166,customer166@example.com,JP,pending,2021-12-08
CUST-0167,First167,Last167,customer167@example.com,DE,pending,2023-05-26
CUST-0168,First168,Last168,customer168@example.com,JP,verified,2022-02-27
CUST-0169,First169,Last169,customer169@example.com,JP,verified,2021-06-05
CUST-0170,First170,Last170,customer170@example.com,US,expired,2022-06-12
CUST-0171,First171,Last171,customer171@example.com,US,expired,2023-01-07
CUST-0172,First172,Last172,customer172@example.com,UK,pending,2022-06-02
CUST-0173,First173,Last173,customer173@example.com,US,expired,2021-11-07
CUST-0174,First174,Last174,customer174@example.com,JP,pending,2023-09-20
CUST-0175,First175,Last175,customer175@example.com,US,expired,2021-09-07
CUST-0176,First176,Last176,customer176@example.com,JP,pending,2023-09-27
CUST-0177,First177,Last177,customer177@example.com,FR,pending,2022-04-04
CUST-0178,First178,Last178,customer178@example.com,DE,expired,2020-09-17
CUST-0179,First179,Last179,customer179@example.com,UK,pending,2023-09-23
CUST-0180,First180,Last180,customer180@example.com,FR,expired,2020-12-22
CUST-0181,First181,Last181,customer181@example.com,JP,expired,2021-09-08
CUST-0182,First182,Last182,customer182@example.com,FR,expired,2020-01-01
CUST-0183,First183,Last183,customer183@example.com,DE,pending,2021-03-06
CUST-0184,First184,Last184,customer184@example.com,FR,expired,2023-05-27
CUST-0185,First185,Last185,customer185@example.com,DE,pending,2022-06-23
CUST-0186,First186,Last186,customer186@example.com,FR,expired,2021-03-13
CUST-0187,First187,Last187,customer187@example.com,JP,pending,2020-12-13
CUST-0188,First188,Last188,customer188@example.com,US,pending,2022-11-21
CUST-0189,First189,Last189,customer189@example.com,JP,pending,2020-07-10
CUST-0190,First190,Last190,customer190@example.com,UK,expired,2021-09-27
CUST-0191,First191,Last191,customer191@example.com,UK,verified,2020-10-28
CUST-0192,First192,Last192,customer192@example.com,US,verified,2021-05-16
CUST-0193,First193,Last193,customer193@example.com,FR,expired,2020-05-29
CUST-0194,First194,Last194,customer194@example.com,FR,pending,2023-07-13
CUST-0195,First195,Last195,customer195@example.com,JP,verified,2023-11-27
CUST-0196,First196,Last196,customer196@example.com,FR,pending,2022-03-29
CUST-0197,First197,Last197,customer197@example.com,UK,verified,2023-09-05
CUST-0198,First198,Last198,customer198@example.com,US,verified,2022-05-20
CUST-0199,First199,Last199,customer199@example.com,UK,verified,2023-11-26
CUST-0200,First200,Last200,customer200@example.com,JP,pending,2020-04-12
